{
  "miniprogramRoot": "",
  "cloudfunctionRoot": "cloudfunctions/",
  "compileType": "miniprogram",
  "libVersion": "trial",
  "packOptions": {
    "ignore": [],
    "include": []
  },
  "setting": {
    "coverView": true,
    "es6": true,
    "postcss": true,
    "minified": true,
    "enhance": true,
    "showShadowRootInWxmlPanel": true,
    "packNpmRelationList": [],
    "babelSetting": {
      "ignore": [],
      "disablePlugins": [],
      "outputPath": ""
    }
  },
  "appid": "wxe8c15f036c9b8b3f",
  "projectname": "miniprogram-1",
  "condition": {},
  "editorSetting": {
    "tabIndent": "insertSpaces",
    "tabSize": 2
  },
  "srcMiniprogramRoot": "miniprogram/",
  "cloudfunctionTemplateRoot": "cloudfunctionTemplate/"
}